﻿<?xml version="1.0" encoding="utf-8"?>
<Root>
  <Business>
    <BusinessTitle>AI봇 웹인공지능 시장</BusinessTitle>
    <Degdate>2019-12-31</Degdate>
    <Progress>100</Progress>
    <Deadline>
      <Start>2019-12-01</Start>
      <End>2019-12-31</End>
    </Deadline>
    <Memos>
      <Memo Index="0">
        <Title>'기어' 스피커 아이디어 .1</Title>
        <Content>기어를 옆에 놔두면 실시간 교통 사항을 수집하여 알려준다.</Content>
        <Color>#FF00B0C1</Color>
      </Memo>
      <Memo Index="1">
        <Title>시장 진출전 라이벌 회사</Title>
        <Content>1. 규굴 / 싸고 내구성을 강조함 ( 비슷한 부분) 
2. 패익스북 / 성능을 강조
3. 헌대 / 국산, 현재 뒤떨어지는중

추가 여부 모름</Content>
        <Color>#FF8B0202</Color>
      </Memo>
      <Memo Index="2">
        <Title>'기어' 스피커 아이디어 .2</Title>
        <Content>보안기능. 차 문을 열려고하면 휴대폰으로 알림을 주거나 보안회사에 신고함.
차에 옵션 추가를 안해도 '기어' 사용함으로써 이점</Content>
        <Color>#FFB128FF</Color>
      </Memo>
      <Memo Index="3">
        <Title>'기어' 테스트 노트 0.1</Title>
        <Content>수정 사항  
1. 인식 속도 증가 요망</Content>
        <Color>#FFF2B705</Color>
      </Memo>
    </Memos>
    <Tasks>
      <Task Index="0">
        <Title>시장 진출 전 사항</Title>
        <Describe>AI시장으로 진출하기전, 라이벌 회사들의 AI 분석과 시장의 수요도 흐름을 분석</Describe>
        <Priority>1</Priority>
        <Accomplished>True</Accomplished>
      </Task>
      <Task Index="1">
        <Title>시장 진출후의 사항</Title>
        <Describe>공공기관의 AI관련 (특성화학교, 동사무소) 등의 생산성과 시대에 맞는 교육을 높일수있는 대안을 제시하는것에 중점을 둬 경쟁력을 높인다.</Describe>
        <Priority>2</Priority>
        <Accomplished>True</Accomplished>
      </Task>
      <Task Index="2">
        <Title>차세대 AI 봇 '기어'</Title>
        <Describe>자동차에 따로 놔둘수있는 IoT 가능한 AI 스피커. '차'에 있는 강점을 살리고 새 차를 산 30대에 상품을 타게팅한다.</Describe>
        <Priority>3</Priority>
        <Accomplished>True</Accomplished>
      </Task>
    </Tasks>
  </Business>
</Root>